0.044191,,,Ts_current=0.001 (Timer1)
0.023426,,,Ts_speed=0.01(Timer4)
0.033247,,,F cua driver =1000 Hz(Timer1)
0.029959,,,Kp=0.38833335
0.028605,,,Ti=0.000582500012
0.027343,,,D=0.858369112
0.022358,,,Ka=2.5751071
0.022653,,,I_sp=0.03A
0.02621,,,
0.019159,,,
0.024944,,,
0.033517,,,
0.020633,,,
0.027076,,,
0.030761,,,
0.029182,,,
0.028938,,,
0.0272,,,
0.027945,,,
0.024863,,,
0.025263,,,
0.040748,,,
0.038717,,,
0.027614,,,
0.025005,,,
0.029807,,,
0.026828,,,
0.029026,,,
0.037294,,,
0.031908,,,
0.045268,,,
0.0377,,,
0.015156,,,
0.021134,,,
0.028703,,,
0.028222,,,
0.026586,,,
0.034655,,,
0.030276,,,
0.032153,,,
0.037795,,,
0.036298,,,
0.034177,,,
0.032323,,,
0.029434,,,
0.026067,,,
0.017379,,,
0.022023,,,
0.034769,,,
0.028385,,,
0.032042,,,
0.034159,,,
0.039698,,,
0.038245,,,
0.027816,,,
0.029523,,,
0.024187,,,
0.021869,,,
0.025625,,,
0.020331,,,
0.018916,,,
0.02597,,,
0.021105,,,
0.035162,,,
0.04111,,,
0.023825,,,
0.031233,,,
0.028979,,,
0.027182,,,
0.028874,,,
0.018939,,,
0.02596,,,
0.037687,,,
0.033582,,,
0.036262,,,
0.034192,,,
0.030474,,,
0.0247,,,
0.020728,,,
0.030719,,,
0.031042,,,
0.031824,,,
0.029647,,,
0.033343,,,
0.038206,,,
0.044411,,,
0.036226,,,
0.021314,,,
0.035073,,,
0.026413,,,
0.024598,,,
0.027218,,,
0.028858,,,
0.034602,,,
0.030299,,,
0.031222,,,
0.042799,,,
0.03047,,,
0.027465,,,
0.034279,,,
0.019386,,,
0.02761,,,
0.0379,,,
0.025201,,,
0.013145,,,
0.030285,,,
0.026623,,,
0.03556,,,
0.029888,,,
0.018504,,,
0.03904,,,
0.028397,,,
0.023748,,,
0.029424,,,
0.031597,,,
0.032508,,,
0.033038,,,
0.033732,,,
0.039882,,,
0.037246,,,
0.024561,,,
0.028155,,,
0.035825,,,
0.03438,,,
0.028552,,,
0.03105,,,
0.0309,,,
0.037411,,,
0.030016,,,
0.032264,,,
0.034064,,,
0.022241,,,
0.027308,,,
0.02882,,,
0.029093,,,
0.026213,,,
0.029289,,,
0.024287,,,
0.031957,,,
0.031432,,,
0.031657,,,
0.037087,,,
0.023708,,,
0.033126,,,
0.033694,,,
0.031609,,,
0.034345,,,
0.035014,,,
0.029201,,,
0.036297,,,
0.03694,,,
0.021929,,,
0.025599,,,
0.021263,,,
0.026805,,,
0.032719,,,
0.024659,,,
0.030876,,,
0.030054,,,
0.018433,,,
0.031702,,,
0.034304,,,
0.023979,,,
0.031167,,,
0.031771,,,
0.025065,,,
0.026097,,,
0.016445,,,
0.017819,,,
0.03565,,,
0.032613,,,
0.03944,,,
0.036514,,,
0.025795,,,
0.03131,,,
0.028947,,,
0.024434,,,
0.029131,,,
0.040012,,,
0.030743,,,
0.031952,,,
0.033276,,,
0.031788,,,
0.034268,,,
0.035968,,,
0.038923,,,
0.030289,,,
0.030305,,,
0.030298,,,
0.035827,,,
0.032537,,,
0.031184,,,
0.043737,,,
0.038357,,,
0.030532,,,
0.023755,,,
0.025738,,,
0.031335,,,
0.028936,,,
0.024438,,,
0.027287,,,
0.027908,,,
0.029484,,,
0.029729,,,
0.037913,,,
0.033485,,,
0.028015,,,
0.030359,,,
0.020144,,,
0.028206,,,
0.032119,,,
0.0286,,,
0.024582,,,
0.026304,,,
0.024645,,,
0.027198,,,
0.028867,,,
0.031836,,,
0.025037,,,
0.028872,,,
0.032755,,,
0.023723,,,
0.027594,,,
0.025014,,,
0.02704,,,
0.028014,,,
0.019308,,,
0.022118,,,
0.034728,,,
0.030245,,,
0.037692,,,
0.033579,,,
0.025211,,,
0.033403,,,
0.028971,,,
0.042843,,,
0.03874,,,
0.024842,,,
0.039087,,,
0.038508,,,
0.032309,,,
0.040492,,,
0.03238,,,
0.02112,,,
0.036077,,,
0.029667,,,
0.021362,,,
0.027684,,,
0.031422,,,
0.032583,,,
0.033927,,,
0.029667,,,
0.032414,,,
0.034,,,
0.025031,,,
0.029796,,,
0.027754,,,
0.030471,,,
0.025622,,,
0.028621,,,
0.031941,,,
0.029597,,,
0.031523,,,
0.041749,,,
0.038288,,,
0.022272,,,
0.026373,,,
0.034746,,,
0.027474,,,
0.02046,,,
0.029913,,,
0.03415,,,
0.036018,,,
0.030613,,,
0.024641,,,
0.024437,,,
0.023603,,,
0.030408,,,
0.02657,,,
0.015321,,,
0.021063,,,
0.027812,,,
0.033209,,,
0.03458,,,
0.039518,,,
0.042007,,,
0.032651,,,
0.027451,,,
0.026917,,,
0.028988,,,
0.030863,,,
0.023612,,,
0.025799,,,
0.028546,,,
0.033815,,,
0.032478,,,
0.030288,,,
0.037674,,,
0.031745,,,
0.034286,,,
0.028592,,,
0.018139,,,
0.028145,,,
0.030303,,,
0.028457,,,
0.042142,,,
0.021541,,,
0.012872,,,
0.032244,,,
0.031309,,,
0.026184,,,
0.022855,,,
0.028886,,,
0.029985,,,
0.030435,,,
0.033005,,,
0.031904,,,
0.030534,,,
0.045857,,,
0.041132,,,
0.024737,,,
0.029922,,,
0.021253,,,
0.022205,,,
0.031928,,,
0.031445,,,
0.027968,,,
0.035905,,,
0.02974,,,
0.029619,,,
0.042565,,,
0.036096,,,
0.033343,,,
0.026234,,,
0.030201,,,
0.032185,,,
0.028572,,,
0.033804,,,
0.034325,,,
0.028576,,,
0.032882,,,
0.032878,,,
0.025512,,,
0.028669,,,
0.024553,,,
0.023554,,,
0.036876,,,
0.033929,,,
0.029666,,,
0.030572,,,
0.023737,,,
0.026666,,,
0.027253,,,
0.025159,,,
0.025136,,,
0.035277,,,
0.03001,,,
0.032267,,,
0.028537,,,
0.020005,,,
0.03195,,,
0.031435,,,
0.023367,,,
0.025904,,,
0.020212,,,
0.023572,,,
0.02029,,,
0.022618,,,
0.032672,,,
0.027442,,,
0.019553,,,
0.024776,,,
0.037273,,,
0.038364,,,
0.038817,,,
0.025729,,,
0.018445,,,
0.020646,,,
0.022465,,,
0.028132,,,
0.033992,,,
0.031481,,,
0.034399,,,
0.034991,,,
0.047631,,,
0.045898,,,
0.033747,,,
0.031586,,,
0.027907,,,
0.032247,,,
0.020256,,,
0.024474,,,
0.038323,,,
0.031467,,,
0.024275,,,
0.034725,,,
0.027483,,,
0.02414,,,
0.034783,,,
0.025617,,,
0.028624,,,
0.032861,,,
0.031966,,,
0.028666,,,
0.031001,,,
0.03,,,
0.039639,,,
0.031824,,,
0.025964,,,
0.030317,,,
0.032135,,,
0.041487,,,
0.031953,,,
0.022224,,,
0.024552,,,
0.035527,,,
0.032665,,,
0.024682,,,
0.028103,,,
0.022032,,,
0.024634,,,
0.03365,,,
0.039917,,,
0.035389,,,
0.027199,,,
0.029788,,,
0.03973,,,
0.039153,,,
0.032953,,,
0.036531,,,
0.034998,,,
0.036576,,,
0.023927,,,
0.021059,,,
0.025051,,,
0.030708,,,
0.036573,,,
0.040506,,,
0.036978,,,
0.027438,,,
0.027843,,,
0.023986,,,
0.02656,,,
0.024536,,,
0.016193,,,
0.023452,,,
0.02863,,,
0.031016,,,
0.048413,,,
0.034511,,,
0.018365,,,
0.027127,,,
0.023372,,,
0.035112,,,
0.01995,,,
0.010791,,,
0.030373,,,
0.037637,,,
0.042813,,,
0.044279,,,
0.036283,,,
0.023132,,,
0.032452,,,
0.037667,,,
0.035432,,,
0.029022,,,
0.027164,,,
0.030723,,,
0.030119,,,
0.039588,,,
0.038293,,,
0.030559,,,
0.02098,,,
0.021401,,,
0.023984,,,
0.026561,,,
0.031903,,,
0.034218,,,
0.030463,,,
0.038519,,,
0.039672,,,
0.0226,,,
0.029917,,,
0.020334,,,
0.026283,,,
0.031101,,,
0.028115,,,
0.029395,,,
0.027004,,,
0.031713,,,
0.035221,,,
0.031876,,,
0.031467,,,
0.034405,,,
0.021173,,,
0.025002,,,
0.027045,,,
0.032616,,,
0.039439,,,
0.029147,,,
0.028032,,,
0.039561,,,
0.031857,,,
0.020423,,,
0.020719,,,
0.020592,,,
0.038145,,,
0.033385,,,
0.023452,,,
0.029551,,,
0.030621,,,
0.026479,,,
0.023649,,,
0.024862,,,
0.024342,,,
0.030091,,,
0.03039,,,
0.035788,,,
0.035316,,,
0.034597,,,
0.045036,,,
0.0378,,,
0.028929,,,
0.036414,,,
0.032285,,,
0.023924,,,
0.025665,,,
0.022156,,,
0.024581,,,
0.029068,,,
0.02254,,,
0.025337,,,
0.043479,,,
0.037546,,,
0.04101,,,
0.039526,,,
0.0199,,,
0.025548,,,
0.026811,,,
0.025349,,,
0.022292,,,
0.029128,,,
0.021593,,,
0.022059,,,
0.037516,,,
0.023524,,,
0.024916,,,
0.039976,,,
0.034443,,,
0.026683,,,
0.022641,,,
0.024373,,,
0.035604,,,
0.030791,,,
0.032853,,,
0.034732,,,
0.029322,,,
0.032562,,,
0.03762,,,
0.03361,,,
0.03625,,,
0.037882,,,
0.032577,,,
0.032088,,,
0.031376,,,
0.03076,,,
0.023656,,,
0.031306,,,
0.031712,,,
0.02417,,,
0.028323,,,
0.022859,,,
0.025201,,,
0.032486,,,
0.03489,,,
0.031097,,,
0.029959,,,
0.030447,,,
0.029317,,,
0.032564,,,
0.044066,,,
0.038216,,,
0.022303,,,
0.024518,,,
0.017122,,,
0.02766,,,
0.030511,,,
0.023763,,,
0.022971,,,
0.027916,,,
0.030401,,,
0.031178,,,
0.039134,,,
0.039408,,,
0.040212,,,
0.036184,,,
0.025937,,,
0.03217,,,
0.034104,,,
0.025907,,,
0.028499,,,
0.026467,,,
0.033785,,,
0.029728,,,
0.023178,,,
0.036116,,,
0.031492,,,
0.035316,,,
0.033677,,,
0.022406,,,
0.025395,,,
0.022272,,,
0.036504,,,
0.03501,,,
0.033808,,,
0.033402,,,
0.02805,,,
0.022976,,,
0.027913,,,
0.038691,,,
0.028546,,,
0.031052,,,
0.030899,,,
0.027281,,,
0.02699,,,
0.026193,,,
0.047717,,,
0.037572,,,
0.0235,,,
0.031373,,,
0.02892,,,
0.031813,,,
0.014916,,,
0.016632,,,
0.035237,,,
0.029106,,,
0.032654,,,
0.034817,,,
0.032048,,,
0.031393,,,
0.019701,,,
0.023791,,,
0.024801,,,
0.02621,,,
0.033895,,,
0.03797,,,
0.030698,,,
0.023683,,,
0.030373,,,
0.026585,,,
0.034656,,,
0.036723,,,
0.033995,,,
0.037006,,,
0.032953,,,
0.032848,,,
0.031051,,,
0.0309,,,
0.022676,,,
0.022516,,,
0.022585,,,
0.022555,,,
0.027173,,,
0.027036,,,
0.04183,,,
0.036411,,,
0.021235,,,
0.027739,,,
0.024951,,,
0.031672,,,
0.027871,,,
0.02029,,,
0.01525,,,
0.015568,,,
0.031088,,,
0.029042,,,
0.037287,,,
0.0402,,,
0.035268,,,
0.03646,,,
0.023056,,,
0.025116,,,
0.035285,,,
0.035532,,,
0.030821,,,
0.026393,,,
0.030133,,,
0.025767,,,
0.035006,,,
0.037494,,,
0.024455,,,
0.01807,,,
0.02449,,,
0.036474,,,
0.020287,,,
0.021698,,,
0.033066,,,
0.032799,,,
0.031992,,,
0.027733,,,
0.037847,,,
0.036276,,,
0.02866,,,
0.031003,,,
0.041051,,,
0.033061,,,
0.030959,,,
0.030939,,,
0.01437,,,
0.02055,,,
0.032637,,,
0.032983,,,
0.043887,,,
0.037371,,,
0.025428,,,
0.03331,,,
0.026248,,,
0.038484,,,
0.038766,,,
0.027593,,,
0.028698,,,
0.02454,,,
0.020796,,,
0.024243,,,
0.033817,,,
0.029714,,,
0.026868,,,
0.029008,,,
0.022565,,,
0.042825,,,
0.037826,,,
0.021549,,,
0.025762,,,
0.021194,,,
0.030519,,,
0.030206,,,
0.030341,,,
0.031204,,,
0.018861,,,
0.02323,,,
0.020437,,,
0.023476,,,
0.033225,,,
0.038257,,,
0.025049,,,
0.019657,,,
0.038546,,,
0.036898,,,
0.045893,,,
0.038354,,,
0.030533,,,
0.034806,,,
0.02929,,,
0.030733,,,
0.026431,,,
0.031038,,,
0.022617,,,
0.017016,,,
0.035073,,,
0.035623,,,
0.040913,,,
0.035883,,,
0.026066,,,
0.030273,,,
0.036759,,,
0.037663,,,
0.024382,,,
0.027311,,,
0.024214,,,
0.020015,,,
0.028261,,,
0.025648,,,
0.046109,,,
0.038261,,,
0.022284,,,
0.030052,,,
0.019355,,,
0.02486,,,
0.03079,,,
0.032854,,,
0.035653,,,
0.027086,,,
0.026152,,,
0.02471,,,
0.039143,,,
0.031116,,,
0.007847,,,
0.025187,,,
0.02144,,,
0.030414,,,
0.043146,,,
0.031242,,,
0.029897,,,
0.026789,,,
0.034568,,,
0.032155,,,
0.040557,,,
0.048008,,,
0.031921,,,
0.035132,,,
0.033756,,,
0.030661,,,
0.023699,,,
0.036814,,,
0.035798,,,
0.019656,,,
0.028416,,,
0.020977,,,
0.035217,,,
0.038324,,,
0.024099,,,
0.027432,,,
0.017715,,,
0.027405,,,
0.033383,,,
0.024374,,,
0.020868,,,
0.027896,,,
0.041462,,,
0.036569,,,
0.049717,,,
0.043161,,,
0.031236,,,
0.031742,,,
0.025078,,,
0.035302,,,
0.033683,,,
0.022404,,,
0.01987,,,
0.020035,,,
0.036542,,,
0.034072,,,
0.025,,,
0.029809,,,
0.023143,,,
0.029684,,,
0.030565,,,
0.037555,,,
0.029033,,,
0.022555,,,
0.036383,,,
0.024931,,,
0.029839,,,
0.03234,,,
0.028505,,,
0.031991,,,
0.025892,,,
0.033111,,,
0.025412,,,
0.028711,,,
0.033744,,,
0.018694,,,
0.027907,,,
0.029484,,,
0.031571,,,
0.037124,,,
0.042112,,,
0.024317,,,
0.026418,,,
0.033806,,,
0.023272,,,
0.034234,,,
0.027694,,,
0.023129,,,
0.02969,,,
0.030562,,,
0.032951,,,
0.037453,,,
0.039208,,,
0.033851,,,
0.026016,,,
0.029374,,,
0.03346,,,
0.035393,,,
0.033644,,,
0.028868,,,
0.035519,,,
0.022538,,,
0.020734,,,
0.03348,,,
0.031701,,,
0.033384,,,
0.017927,,,
0.02271,,,
0.03908,,,
0.035748,,,
0.024282,,,
0.022749,,,
0.028011,,,
0.022993,,,
0.024222,,,
0.026458,,,
0.031947,,,
0.030516,,,
0.024682,,,
0.030866,,,
0.030979,,,
0.030931,,,
0.017137,,,
0.031337,,,
0.055644,,,
0.033254,,,
0.025351,,,
0.03058,,,
0.028339,,,
0.038509,,,
0.032308,,,
0.027598,,,
0.03238,,,
0.036777,,,
0.033971,,,
0.021359,,,
0.028607,,,
0.029184,,,
0.028016,,,
0.032201,,,
0.038696,,,
0.026702,,,
0.022633,,,
0.028061,,,
0.022971,,,
0.034362,,,
0.027639,,,
0.023152,,,
0.025075,,,
0.025172,,,
0.029735,,,
0.031463,,,
0.039933,,,
0.039066,,,
0.029307,,,
0.027963,,,
0.030381,,,
0.042239,,,
0.041762,,,
0.038282,,,
0.037011,,,
0.029267,,,
0.024296,,,
0.019059,,,
0.029592,,,
0.027841,,,
0.031354,,,
0.032612,,,
0.017337,,,
0.024804,,,
0.031735,,,
0.029686,,,
0.020433,,,
0.021635,,,
0.03033,,,
0.028446,,,
0.038463,,,
0.032328,,,
0.024826,,,
0.02712,,,
0.0289,,,
0.034584,,,
0.030306,,,
0.026614,,,
0.028196,,,
0.032123,,,
0.033203,,,
0.029977,,,
0.055305,,,
0.045372,,,
0.020157,,,
0.029121,,,
0.028043,,,
0.032189,,,
0.022123,,,
0.015385,,,
0.029325,,,
0.024272,,,
0.023674,,,
0.030377,,,
0.031188,,,
0.040972,,,
0.031253,,,
0.02805,,,
0.041396,,,
0.043044,,,
0.034049,,,
0.019484,,,
0.015595,,,
0.023709,,,
0.02852,,,
0.031984,,,
0.032342,,,
0.030347,,,
0.027518,,,
0.025046,,,
0.027026,,,
0.031704,,,
0.036146,,,
0.025953,,,
0.024796,,,
0.02345,,,
0.019422,,,
0.034042,,,
0.042512,,,
0.037961,,,
0.024254,,,
0.024603,,,
0.0309,,,
0.030043,,,
0.031332,,,
0.034463,,,
0.021148,,,
0.018566,,,
0.021515,,,
0.025777,,,
0.040528,,,
0.03789,,,
0.023364,,,
0.031431,,,
0.032579,,,
0.035771,,,
0.028877,,,
0.028147,,,
0.040433,,,
0.017669,,,
0.031109,,,
0.033638,,,
0.027949,,,
0.03315,,,
0.023553,,,
0.029508,,,
0.035245,,,
0.030944,,,
0.029104,,,
0.040944,,,
0.034949,,,
0.023703,,,
0.031286,,,
0.028957,,,
0.037323,,,
0.03558,,,
0.030801,,,
0.032849,,,
0.027366,,,
0.028795,,,
0.034629,,,
0.037655,,,
0.025307,,,
0.017705,,,
0.026489,,,
0.02825,,,
0.0321,,,
0.035055,,,
0.039315,,,
0.039331,,,
0.030114,,,
0.029459,,,
0.02053,,,
0.016068,,,
0.023506,,,
0.030449,,,
0.026553,,,
0.023618,,,
0.021192,,,
0.024994,,,
0.037179,,,
0.032878,,,
0.018144,,,
0.02538,,,
0.032409,,,
0.027555,,,
0.020425,,,
0.038216,,,
0.040723,,,
0.023992,,,
0.026557,,,
0.024537,,,
0.030929,,,
0.030031,,,
0.029495,,,
0.040776,,,
0.036863,,,
0.031172,,,
0.040058,,,
0.04638,,,
0.036303,,,
0.024044,,,
0.018246,,,
0.021652,,,
0.034007,,,
0.033317,,,
0.040981,,,
0.033091,,,
0.026341,,,
0.031076,,,
0.029047,,,
0.036364,,,
0.02586,,,
0.022073,,,
0.030143,,,
0.027605,,,
0.035139,,,
0.030068,,,
0.040531,,,
0.036968,,,
0.01547,,,
0.029288,,,
0.032576,,,
0.032088,,,
0.036902,,,
0.040365,,,
0.034276,,,
0.023071,,,
0.03432,,,
0.031341,,,
0.028934,,,
0.031807,,,
0.025971,,,
0.029393,,,
0.029768,,,
0.036975,,,
0.029282,,,
0.029816,,,
0.033271,,,
0.021659,,,
0.032162,,,
0.02674,,,
0.022616,,,
0.025305,,,
0.034283,,,
0.033198,,,
0.019849,,,
0.030175,,,
0.022986,,,
0.033435,,,
0.041851,,,
0.026271,,,
0.026501,,,
0.025482,,,
0.034208,,,
0.034152,,,
0.030492,,,
0.029297,,,
0.022441,,,
0.018012,,,
0.013463,,,
0.028306,,,
0.032997,,,
0.027303,,,
0.033427,,,
0.033565,,,
0.036269,,,
0.033268,,,
0.039159,,,
0.040319,,,
0.025086,,,
0.032535,,,
0.029343,,,
0.026106,,,
0.032098,,,
0.037819,,,
0.035367,,,
0.026287,,,
0.022811,,,
0.029826,,,
0.036029,,,
0.028766,,,
0.025432,,,
0.025019,,,
0.027038,,,
0.028936,,,
0.027201,,,
0.039917,,,
0.039073,,,
0.023778,,,
0.023886,,,
0.030286,,,
0.033069,,,
0.030035,,,
0.041466,,,
0.040251,,,
0.021431,,,
0.022129,,,
0.030119,,,
0.029457,,,
0.029741,,,
0.025014,,,
0.032566,,,
0.033013,,,
0.034663,,,
0.038561,,,
0.040575,,,
0.03787,,,
0.026135,,,
0.026559,,,
0.024536,,,
0.019877,,,
0.01819,,,
0.022597,,,
0.029918,,,
0.032306,,,
0.034046,,,
0.029616,,,
0.041645,,,
0.038332,,,
0.020411,,,
0.027171,,,
0.026116,,,
0.029331,,,
0.030716,,,
0.036569,,,
0.031298,,,
0.028031,,,
0.032194,,,
0.026726,,,
0.02999,,,
0.032275,,,
0.030375,,,
0.028427,,,
0.015447,,,
0.024693,,,
0.023493,,,
0.028613,,,
0.037471,,,
0.02078,,,
0.038064,,,
0.044472,,,
0.038042,,,
0.038034,,,
0.041721,,,
0.035536,,,
0.017926,,,
0.02271,,,
0.024344,,,
0.027327,,,
0.030653,,,
0.034754,,,
0.033918,,,
0.024145,,,
0.033859,,,
0.031538,,,
0.025165,,,
0.028817,,,
0.029094,,,
0.025292,,,
0.028763,,,
0.03188,,,
0.025018,,,
0.032564,,,
0.032093,,,
0.024927,,,
0.02984,,,
0.024051,,,
0.025611,,,
0.027705,,,
0.026808,,,
0.028113,,,
0.026633,,,
0.032793,,,
0.034758,,,
0.043126,,,
0.038619,,,
0.023052,,,
0.027881,,,
0.032258,,,
0.035908,,,
0.03066,,,
0.031067,,,
0.031814,,,
0.025047,,,
0.028868,,,
0.024467,,,
0.0328,,,
0.035676,,,
0.025234,,,
0.027867,,,
0.025817,,,
0.028538,,,
0.03474,,,
0.036687,,,
0.027563,,,
0.030552,,,
0.034797,,,
0.024689,,,
0.027179,,,
0.028875,,,
0.036437,,,
0.039643,,,
0.028138,,,
0.033069,,,
0.036482,,,
0.04515,,,
0.037751,,,
0.02066,,,
0.031669,,,
0.020504,,,
0.02621,,,
0.032974,,,
0.021786,,,
0.026581,,,
0.02821,,,
0.024749,,,
0.026233,,,
0.023755,,,
0.024817,,,
0.028967,,,
0.02903,,,
0.028082,,,
0.032172,,,
0.032261,,,
0.032223,,,
0.022109,,,
0.013549,,,
0.028269,,,
0.029329,,,
0.036243,,,
0.035122,,,
0.029155,,,
0.030791,,,
0.032853,,,
0.035653,,,
0.029848,,,
0.032336,,,
0.043243,,,
0.032122,,,
0.025836,,,
0.026688,,,
0.027244,,,
0.029768,,,
0.03237,,,
0.03586,,,
0.027918,,,
0.031321,,,
0.029863,,,
0.035093,,,
0.037457,,,
0.021708,,,
0.025694,,,
0.031353,,,
0.046427,,,
0.048256,,,
0.019842,,,
0.020047,,,
0.028248,,,
0.029338,,,
0.028871,,,
0.030913,,,
0.042011,,,
0.031729,,,
0.028767,,,
0.037404,,,
0.03094,,,
0.027263,,,
0.016866,,,
0.023164,,,
0.027833,,,
0.0332,,,
0.039189,,,
0.031096,,,
0.026275,,,
0.025578,,,
0.030482,,,
0.023776,,,
0.027571,,,
0.026865,,,
0.036378,,,
0.039669,,,
0.02076,,,
0.023338,,,
0.023154,,,
0.032442,,,
0.031224,,,
0.019774,,,
0.032049,,,
0.027709,,,
0.023122,,,
0.028772,,,
0.030955,,,
0.031862,,,
0.027789,,,
0.032297,,,
0.037733,,,
0.041851,,,
0.041928,,,
0.026238,,,
0.02191,,,
0.023765,,,
0.024812,,,
0.029889,,,
0.036002,,,
0.037067,,,
0.032927,,,
0.020886,,,
0.007627,,,
0.024361,,,
0.025478,,,
0.024078,,,
0.034809,,,
0.036657,,,
0.036786,,,
0.022916,,,
0.015966,,,
0.025392,,,
0.026878,,,
0.029925,,,
0.035987,,,
0.033389,,,
0.037266,,,
0.038367,,,
0.034211,,,
0.029545,,,
0.026019,,,
0.028451,,,
0.036619,,,
0.034039,,,
0.026856,,,
0.031776,,,
0.030589,,,
0.031098,,,
0.027196,,,
0.017816,,,
0.042098,,,
0.039059,,,
0.021021,,,
0.02691,,,
0.029912,,,
0.035993,,,
0.030624,,,
0.035688,,,
0.027992,,,
0.025764,,,
0.035008,,,
0.037493,,,
0.040112,,,
0.02978,,,
0.028682,,,
0.025468,,,
0.028687,,,
0.034676,,,
0.035793,,,
0.036235,,,
0.029599,,,
0.027838,,,
0.023988,,,
0.030243,,,
0.032167,,,
0.023974,,,
0.013671,,,
0.018087,,,
0.030009,,,
0.022136,,,
0.02551,,,
0.02959,,,
0.029684,,,
0.037011,,,
0.03295,,,
0.039296,,,
0.041181,,,
0.029321,,,
0.027957,,,
0.032226,,,
0.037764,,,
0.030786,,,
0.020883,,,
0.026969,,,
0.023439,,,
0.02311,,,
0.033382,,,
0.051083,,,
0.051786,,,
0.023855,,,
0.0303,,,
0.030301,,,
0.028458,,,
0.029248,,,
0.039961,,,
0.03537,,,
0.023523,,,
0.020311,,,
0.018925,,,
0.037018,,,
0.030185,,,
0.027587,,,
0.035147,,,
0.028223,,,
0.026586,,,
0.028209,,,
0.03396,,,
0.033337,,,
0.017026,,,
0.023096,,,
0.03523,,,
0.024504,,,
0.033706,,,
0.032525,,,
0.023821,,,
0.030314,,,
0.021085,,,
0.026882,,,
0.039133,,,
0.039409,,,
0.026397,,,
0.027368,,,
0.029715,,,
0.028709,,,
0.031903,,,
0.025929,,,
0.029411,,,
0.02884,,,
0.030005,,,
0.03319,,,
0.029062,,,
0.02991,,,
0.024021,,,
0.026545,,,
0.036515,,,
0.03961,,,
0.030915,,,
0.034642,,,
0.043176,,,
0.027546,,,
0.029639,,,
0.030584,,,
0.022811,,,
0.025221,,,
0.040766,,,
0.03963,,,
0.025381,,,
0.023199,,,
0.025976,,,
0.03768,,,
0.031743,,,
0.024156,,,
0.027408,,,
0.025093,,,
0.026085,,,
0.033028,,,
0.031894,,,
0.027775,,,
0.02862,,,
0.041152,,,
0.033939,,,
0.030583,,,
0.032021,,,
0.022195,,,
0.018117,,,
0.020786,,,
0.027931,,,
0.023948,,,
0.033944,,,
0.035186,,,
0.020839,,,
0.025145,,,
0.028826,,,
0.030932,,,
0.027267,,,
0.024233,,,
0.032901,,,
0.033791,,,
0.031567,,,
0.033441,,,
0.041848,,,
0.031798,,,
0.024133,,,
0.018208,,,
0.020747,,,
0.038079,,,
0.03894,,,
0.033966,,,
0.025046,,,
0.023343,,,
0.029598,,,
0.026917,,,
0.034513,,,
0.034942,,,
0.02739,,,
0.030627,,,
0.032002,,,
0.036939,,,
0.03206,,,
0.03323,,,
0.026282,,,
0.020971,,,
0.036141,,,
0.029639,,,
0.040714,,,
0.038731,,,
0.024845,,,
0.033559,,,
0.030746,,,
0.031952,,,
0.02683,,,
0.032709,,,
0.025584,,,
0.018507,,,
0.029829,,,
0.025897,,,
0.029424,,,
0.030676,,,
0.028298,,,
0.04129,,,
0.046773,,,
0.034292,,,
0.025827,,,
0.028534,,,
0.029216,,,
0.024318,,,
0.015365,,,
0.021044,,,
0.030583,,,
0.016364,,,
0.030747,,,
0.038398,,,
0.016699,,,
0.029683,,,
0.024118,,,
0.028345,,,
0.038506,,,
0.026783,,,
0.038255,,,
0.036101,,,
0.032419,,,
0.032155,,,
0.033189,,,
0.031825,,,
0.026884,,,
0.029923,,,
0.023094,,,
0.029705,,,
0.03424,,,
0.028612,,,
0.033787,,,
0.028806,,,
0.033704,,,
0.024237,,,
0.038425,,,
0.040633,,,
0.022188,,,
0.032856,,,
0.029205,,,
0.040901,,,
0.036809,,,
0.024748,,,
0.028996,,,
0.028096,,,
0.028482,,,
0.029238,,,
0.039045,,,
0.033921,,,
0.02046,,,
0.030834,,,
0.030072,,,
0.039608,,,
0.029995,,,
0.027668,,,
0.024061,,,
0.020081,,,
0.032838,,,
0.023687,,,
0.027609,,,
0.028691,,,
0.032832,,,
0.031057,,,
0.023529,,,
0.025834,,,
0.02853,,,
0.032901,,,
0.024581,,,
0.020779,,,
0.018724,,,
0.021447,,,
0.02949,,,
0.026043,,,
0.028441,,,
0.032018,,,
0.036932,,,
0.034826,,,
0.03665,,,
0.044157,,,
0.023441,,,
0.026793,,,
0.037329,,,
0.028209,,,
0.02475,,,
0.034521,,,
0.037701,,,
0.023445,,,
0.028634,,,
0.030094,,,
0.029468,,,
0.035262,,,
0.034621,,,
0.02937,,,
0.039909,,,
0.039997,,,
0.020619,,,
0.018793,,,
0.017734,,,
0.028318,,,
0.027466,,,
0.037962,,,
0.046358,,,
0.037234,,,
0.027329,,,
0.011312,,,
0.024623,,,
0.033654,,,
0.038073,,,
0.033416,,,
0.019755,,,
0.027452,,,
0.032442,,,
0.019252,,,
0.026747,,,
0.043796,,,
0.036489,,,
0.023964,,,
0.02749,,,
0.024137,,,
0.029258,,,
0.036273,,,
0.042476,,,
0.034292,,,
0.02859,,,
0.026429,,,
0.026434,,,
0.041167,,,
0.030248,,,
0.032165,,,
0.035027,,,
0.027354,,,
0.029721,,,
0.03239,,,
0.041377,,,
0.030158,,,
0.021152,,,
0.027774,,,
0.018489,,,
0.027994,,,
0.031289,,,
0.026193,,,
0.034824,,,
0.028362,,,
0.025605,,,
0.025866,,,
0.038648,,,
0.045143,,,
0.032228,,,
0.019343,,,
0.021182,,,
0.030524,,,
0.027441,,,
0.039815,,,
0.034512,,,
0.019286,,,
0.027653,,,
0.02683,,,
0.025341,,,
0.029663,,,
0.037942,,,
0.037157,,,
0.031967,,,
0.028665,,,
0.022712,,,
0.028026,,,
0.022986,,,
0.026067,,,
0.024747,,,
0.020708,,,
0.030728,,,
0.031959,,,
0.042483,,,
0.038894,,,
0.036748,,,
0.034905,,,
0.023722,,,
0.04325,,,
0.039486,,,
0.032811,,,
0.044881,,,
0.038787,,,
0.031268,,,
0.02436,,,
0.020874,,,
0.026052,,,
0.032121,,,
0.03873,,,
0.020241,,,
0.022639,,,
0.025295,,,
0.014947,,,
0.027671,,,
0.026823,,,
0.029949,,,
0.026767,,,
0.040104,,,
0.044519,,,
0.02697,,,
0.025281,,,
0.026005,,,
0.033062,,,
0.026354,,,
0.034755,,,
0.031154,,,
0.019804,,,
0.034799,,,
0.027451,,,
0.026916,,,
0.031751,,,
0.026916,,,
0.031751,,,
0.025995,,,
0.025699,,,
0.035035,,,
0.037481,,,
0.026302,,,
0.01912,,,
0.026803,,,
0.022589,,,
0.042815,,,
0.042436,,,
0.027862,,,
0.032266,,,
0.034984,,,
0.03474,,,
0.026556,,,
0.039273,,,
0.033823,,,
0.022344,,,
0.029105,,,
0.027129,,,
0.028897,,,
0.028139,,,
0.031227,,,
0.026219,,,
0.025602,,,
0.034156,,,
0.017596,,,
0.018246,,,
0.031782,,,
0.029665,,,
0.026889,,,
0.026237,,,
0.028358,,,
0.024686,,,
0.033627,,,
0.035321,,,
0.021702,,,
0.02846,,,
0.018196,,,
0.021673,,,
0.025709,,,
0.022137,,,
0.045772,,,
0.036564,,,
0.029458,,,
0.02974,,,
0.035145,,,
0.035592,,,
0.033559,,,
0.028904,,,
0.02261,,,
0.036359,,,
0.030467,,,
0.026545,,,
0.023621,,,
0.02119,,,
0.034205,,,
0.035995,,,
0.034307,,,
0.034109,,,
0.023142,,,
0.032447,,,
0.037669,,,
0.031747,,,
0.032443,,,
0.038592,,,
0.035957,,,
0.026955,,,
0.029892,,,
0.028633,,,
0.023647,,,
0.032231,,,
0.025789,,,
0.024866,,,
0.018815,,,
0.02325,,,
0.046216,,,
0.045583,,,
0.034803,,,
0.02745,,,
0.021391,,,
0.021225,,,
0.03419,,,
0.032317,,,
0.041409,,,
0.038434,,,
0.030499,,,
0.029294,,,
0.027969,,,
0.039589,,,
0.037372,,,
0.026349,,,
0.02831,,,
0.031153,,,
0.02533,,,
0.03151,,,
0.038992,,,
0.033943,,,
0.02966,,,
0.029654,,,
0.026894,,,
0.03084,,,
0.031911,,,
0.021321,,,
0.030465,,,
0.031151,,,
0.028094,,,
0.030325,,,
0.036737,,,
0.037673,,,
0.02622,,,
0.031128,,,
0.019815,,,
0.024663,,,
0.035479,,,
0.024397,,,
0.028226,,,
0.026585,,,
0.028209,,,
0.030276,,,
0.02939,,,
0.030691,,,
0.028291,,,
0.028399,,,
0.02559,,,
0.030477,,,
0.032066,,,
0.037832,,,
0.023388,,,
0.022211,,,
0.041135,,,
0.031183,,,
0.022554,,,
0.02441,,,
0.040193,,,
0.033429,,,
0.023434,,,
0.029559,,,
0.025092,,,
0.035296,,,
0.035528,,,
0.01885,,,
0.014025,,,
0.021619,,,
0.028495,,,
0.029232,,,
0.029837,,,
0.033262,,,
0.027189,,,
0.02795,,,
0.030387,,,
0.037631,,,
0.040053,,,
0.027042,,,
0.028013,,,
0.029439,,,
0.039879,,,
0.033563,,,
0.014166,,,
0.0234,,,
0.0351,,,
0.037454,,,
0.037366,,,
0.02543,,,
0.02502,,,
0.029801,,,
0.028673,,,
0.030077,,,
0.029475,,,
0.037101,,,
0.041201,,,
0.037602,,,
0.030855,,,
0.033747,,,
0.033428,,,
0.030802,,,
0.033769,,,
0.022367,,,
0.025412,,,
0.025028,,,
0.028876,,,
0.031832,,,
0.024118,,,
0.029266,,,
0.028902,,,
0.028137,,,
0.03399,,,
0.031482,,,
0.027031,,,
0.034464,,,
0.030358,,,
0.025671,,,
0.022154,,,
0.027345,,,
0.042619,,,
0.034231,,,
0.024932,,,
0.028917,,,
0.029051,,,
0.037283,,,
0.03836,,,
0.025004,,,
0.026123,,,
0.027486,,,
0.032428,,,
0.033994,,,
0.025034,,,
0.027953,,,
0.027623,,,
0.028685,,,
0.02823,,,
0.029346,,,
0.031631,,,
0.025125,,,
0.031597,,,
0.026061,,,
0.028433,,,
0.032942,,,
0.045746,,,
0.04118,,,
0.022875,,,
0.03072,,,
0.025516,,,
0.026825,,,
0.033632,,,
0.040846,,,
0.030386,,,
0.021975,,,
0.029264,,,
0.027061,,,
0.031689,,,
0.029705,,,
0.042528,,,
0.037033,,,
0.031099,,,
0.034563,,,
0.023869,,,
0.036741,,,
0.028461,,,
0.019116,,,
0.04062,,,
0.032325,,,
0.02667,,,
0.041987,,,
0.044632,,,
0.034289,,,
0.034117,,,
0.031428,,,
0.026133,,,
0.042217,,,
0.027956,,,
0.019332,,,
0.032238,,,
0.025786,,,
0.023946,,,
0.028419,,,
0.031107,,,
0.020745,,,
0.022423,,,
0.031834,,,
0.023196,,,
0.035187,,,
0.02268,,,
0.014225,,,
0.039953,,,
0.030769,,,
0.025495,,,
0.031439,,,
0.042706,,,
0.04064,,,
0.02679,,,
0.029963,,,
0.024919,,,
0.023397,,,
0.024049,,,
0.032058,,,
0.034152,,,
0.023124,,,
0.026008,,,
0.030298,,,
0.01925,,,
0.024906,,,
0.03077,,,
0.029178,,,
0.02894,,,
0.03641,,,
0.032287,,,
0.038659,,,
0.026718,,,
0.021705,,,
0.035826,,,
0.031616,,,
0.03342,,,
0.028042,,,
0.022058,,,
0.025544,,,
0.026813,,,
0.025348,,,
0.023213,,,
0.032417,,,
0.036761,,,
0.02569,,,
0.030434,,,
0.028401,,,
0.030194,,,
0.033109,,,
0.033701,,,
0.032527,,,
0.029346,,,
0.033472,,,
0.017889,,,
0.025489,,,
0.033284,,,
0.021654,,,
0.032164,,,
0.031344,,,
0.031695,,,
0.030624,,,
0.024636,,,
0.028123,,,
0.029392,,,
0.033453,,,
0.028028,,,
0.032195,,,
0.035935,,,
0.026043,,,
0.031204,,,
0.028992,,,
0.02073,,,
0.025192,,,
0.039858,,,
0.034493,,,
0.026661,,,
0.035544,,,
0.029895,,,
0.034158,,,
0.036015,,,
0.037061,,,
0.039376,,,
0.02549,,,
0.029599,,,
0.030601,,,
0.043986,,,
0.035487,,,
0.019789,,,
0.029279,,,
0.028896,,,
0.029981,,,
0.031358,,,
0.018795,,,
0.029705,,,
0.033318,,,
0.021639,,,
0.028486,,,
0.036604,,,
0.032204,,,
0.019354,,,
0.017493,,,
0.0275,,,
0.037947,,,
0.038075,,,
0.040783,,,
0.029492,,,
0.0242,,,
0.026468,,,
0.025496,,,
0.03328,,,
0.030865,,,
0.029137,,,
0.025273,,,
0.01864,,,
0.028851,,,
0.041973,,,
0.050164,,,
0.035602,,,
0.017898,,,
0.029169,,,
0.033548,,,
0.035355,,,
0.03366,,,
0.034387,,,
0.034075,,,
0.028683,,,
0.031915,,,
0.024083,,,
0.032044,,,
0.02679,,,
0.028121,,,
0.032156,,,
0.0249,,,
0.033536,,,
0.028914,,,
0.031816,,,
0.022283,,,
0.020843,,,
0.032512,,,
0.021985,,,
0.026496,,,
0.042062,,,
0.047364,,,
0.030356,,,
0.021067,,,
0.030574,,,
0.030183,,,
0.036797,,,
0.035805,,,
0.024257,,,
0.026443,,,
0.028269,,,
0.032092,,,
0.028612,,,
0.030103,,,
0.036832,,,
0.02658,,,
0.030974,,,
0.02817,,,
0.022925,,,
0.028857,,,
0.02263,,,
0.02622,,,
0.020077,,,
0.031919,,,
0.036974,,,
0.038492,,,
0.035079,,,
0.021806,,,
0.036704,,,
0.029398,,,
0.027924,,,
0.038687,,,
0.043284,,,
0.033946,,,
0.019528,,,
0.033075,,,
0.030953,,,
0.028179,,,
0.032131,,,
0.027674,,,
0.0259,,,
0.022055,,,
0.031992,,,
0.031417,,,
0.033506,,,
0.029848,,,
0.026811,,,
0.030875,,,
0.030054,,,
0.035011,,,
0.025519,,,
0.024061,,,
0.035737,,,
0.030733,,,
0.024589,,,
0.026301,,,
0.04675,,,
0.037986,,,
0.017797,,,
0.02737,,,
0.030635,,,
0.031999,,,
0.027731,,,
0.03877,,,
0.038644,,,
0.024883,,,
0.026175,,,
0.0247,,,
0.033621,,,
0.032561,,,
0.019201,,,
0.020322,,,
0.02813,,,
0.033072,,,
0.022665,,,
0.026205,,,
0.032056,,,
0.024022,,,
0.021018,,,
0.025069,,,
0.035305,,,
0.033681,,,
0.049113,,,
0.040658,,,
0.026783,,,
0.036413,,,
0.018471,,,
0.030765,,,
0.035627,,,
0.018808,,,
0.026937,,,
0.030821,,,
0.029156,,,
0.026186,,,
0.035748,,,
0.033492,,,
0.024328,,,
0.031939,,,
0.034203,,,
0.033233,,,
0.029965,,,
0.035049,,,
0.030107,,,
0.026699,,,
0.030923,,,
0.030034,,,
0.034099,,,
0.029594,,,
0.031524,,,
0.031618,,,
0.016842,,,
0.019491,,,
0.034012,,,
0.039761,,,
0.029009,,,
0.018881,,,
0.03151,,,
0.028861,,,
0.035522,,,
0.037272,,,
0.03468,,,
0.035791,,,
0.03071,,,
0.031046,,,
0.024455,,,
0.03741,,,
0.026332,,,
0.015423,,,
0.028388,,,
0.024673,,,
0.02166,,,
0.026635,,,
0.032792,,,
0.031074,,,
0.027206,,,
0.029785,,,
0.031442,,,
0.035337,,,
0.029063,,,
0.033594,,,
0.042704,,,
0.027748,,,
0.024947,,,
0.030752,,,
0.03379,,,
0.033409,,,
0.028968,,,
0.023504,,,
0.032292,,,
0.031289,,,
0.018825,,,
0.034297,,,
0.032271,,,
0.025772,,,
0.032241,,,
0.025785,,,
0.027631,,,
0.031444,,,
0.036257,,,
0.031432,,,
0.026132,,,
0.02564,,,
0.02493,,,
0.036286,,,
0.037866,,,
0.022453,,,
0.022612,,,
0.028991,,,
0.023494,,,
0.037822,,,
0.041812,,,
0.035498,,,
0.031757,,,
0.027834,,,
0.030436,,,
0.033005,,,
0.032825,,,
0.025534,,,
0.02958,,,
0.03153,,,
0.030694,,,
0.027369,,,
0.036162,,,
0.036998,,,
0.030193,,,
0.033109,,,
0.030017,,,
0.035947,,,
0.032485,,,
0.021996,,,
0.02465,,,
0.028117,,,
0.033078,,,
0.030031,,,
0.032258,,,
0.033145,,,
0.022634,,,
0.026218,,,
0.030208,,,
0.027577,,,
0.027784,,,
0.036905,,,
0.033917,,,
0.024146,,,
0.040306,,,
0.032459,,,
0.02477,,,
0.034513,,,
0.013759,,,
0.023575,,,
0.031341,,,
0.032617,,,
0.043122,,,
0.035857,,,
0.029761,,,
0.025927,,,
0.026649,,,
0.024497,,,
0.029103,,,
0.034497,,,
0.037712,,,
0.027124,,,
0.023373,,,
0.030506,,,
0.029291,,,
0.03718,,,
0.033799,,,
0.026038,,,
0.026601,,,
0.027281,,,
0.028831,,,
0.02172,,,
0.031215,,,
0.032671,,,
0.028363,,,
0.032973,,,
0.02455,,,
0.031844,,,
0.034244,,,
0.035057,,,
0.043919,,,
0.032753,,,
0.026486,,,
0.028251,,,
0.029337,,,
0.030713,,,
0.024597,,,
0.024456,,,
0.024516,,,
0.029095,,,
0.029896,,,
0.024027,,,
0.021016,,,
0.022307,,,
0.019912,,,
0.02278,,,
0.027077,,,
0.027077,,,
0.041813,,,
0.036418,,,
0.030441,,,
0.033924,,,
0.027827,,,
0.036887,,,
0.03853,,,
0.026774,,,
0.024444,,,
0.027284,,,
0.032514,,,
0.032115,,,
0.03597,,,
0.037081,,,
0.030158,,,
0.032204,,,
0.035932,,,
0.034334,,,
0.02673,,,
0.028147,,,
0.037671,,,
0.028984,,,
0.02626,,,
0.03019,,,
0.02298,,,
0.025149,,,
0.024219,,,
0.025539,,,
0.029578,,,
0.028768,,,
0.027273,,,
0.037124,,,
0.038428,,,
0.035106,,,
0.035609,,,
0.028025,,,
0.025749,,,
0.034093,,,
0.048016,,,
0.034681,,,
0.021055,,,
0.028737,,,
0.03097,,,
0.033697,,,
0.027003,,,
0.021583,,,
0.024827,,,
0.023437,,,
0.034163,,,
0.036013,,,
0.03522,,,
0.030955,,,
0.023573,,,
0.032263,,,
0.038669,,,
0.041449,,,
0.038416,,,
0.025901,,,
0.029423,,,
0.030677,,,
0.032902,,,
0.03379,,,
0.035251,,,
0.033704,,,
0.020553,,,
0.025268,,,
0.019563,,,
0.02385,,,
0.029381,,,
0.031615,,,
0.025132,,,
0.01778,,,
0.029219,,,
0.030764,,,
0.027339,,,
0.03157,,,
0.047255,,,
0.035928,,,
0.027889,,,
0.032255,,,
0.025779,,,
0.035001,,,
0.027365,,,
0.021428,,,
0.03134,,,
0.026171,,,
0.028386,,,
0.03941,,,
0.044816,,,
0.036052,,,
0.027835,,,
0.025831,,,
0.029453,,,
0.028822,,,
0.01804,,,
0.019898,,,
0.032917,,,
0.0301,,,
0.025781,,,
0.022106,,,
0.03197,,,
0.036032,,,
0.017713,,,
0.027406,,,
0.027857,,,
0.029506,,,
0.034325,,,
0.036864,,,
0.03025,,,
0.026638,,,
0.03187,,,
0.026865,,,
0.030852,,,
0.031906,,,
0.02777,,,
0.024938,,,
0.029836,,,
0.036946,,,
0.032057,,,
0.036915,,,
0.029307,,,
0.019674,,,
0.027487,,,
0.025059,,,
0.0261,,,
0.032101,,,
0.040581,,,
0.029578,,,
0.029689,,,
0.034246,,,
0.023083,,,
0.040761,,,
0.027659,,,
0.011171,,,
0.022842,,,
0.024287,,,
0.033799,,,
0.030643,,,
0.033837,,,
0.037073,,,
0.02924,,,
0.042728,,,
0.026816,,,
0.026268,,,
0.035713,,,
0.034428,,,
0.032216,,,
0.023033,,,
0.029731,,,
0.031465,,,
0.036248,,,
0.033277,,,
0.022578,,,
0.025321,,,
0.025987,,,
0.024781,,,
0.030824,,,
0.034681,,,
0.032107,,,
0.024921,,,
0.034448,,,
0.030365,,,
0.026589,,,
0.030049,,,
0.039618,,,
0.031833,,,
0.019513,,,
0.038608,,,
0.030424,,,
0.037615,,,
0.038217,,,
0.020461,,,
0.028071,,,
0.028493,,,
0.028312,,,
0.025627,,,
0.034145,,,
0.036942,,,
0.022849,,,
0.027047,,,
0.030774,,,
0.039307,,,
0.030124,,,
0.020245,,,
0.027242,,,
0.022401,,,
0.025397,,,
0.025955,,,
0.036768,,,
0.035818,,,
0.030699,,,
0.031972,,,
0.022216,,,
0.024555,,,
0.033684,,,
0.040823,,,
0.028554,,,
0.025523,,,
0.021296,,,
0.018503,,,
0.034435,,,
0.026686,,,
0.026324,,,
0.031084,,,
0.026281,,,
0.02926,,,
0.029825,,,
0.038793,,,
0.042318,,,
0.029755,,,
0.030534,,,
0.027437,,,
0.031527,,,
0.038063,,,
0.026052,,,
0.028437,,,
0.032941,,,
0.027327,,,
0.02697,,,
0.030807,,,
0.034688,,,
0.025657,,,
0.017555,,,
0.021027,,,
0.031512,,,
0.034386,,,
0.03868,,,
0.034077,,,
0.02684,,,
0.036388,,,
0.038743,,,
0.03405,,,
0.031456,,,
0.044541,,,
0.038933,,,
0.024759,,,
0.028991,,,
0.024414,,,
0.03006,,,
0.031324,,,
0.028019,,,
0.032199,,,
0.027645,,,
0.027754,,,
0.025866,,,
0.039569,,,
0.031854,,,
0.021346,,,
0.022165,,,
0.01813,,,
0.029069,,,
0.026223,,,
0.027443,,,
0.024157,,,
0.025565,,,
0.03233,,,
0.035878,,,
0.04633,,,
0.036324,,,
0.024956,,,
0.032591,,,
0.031161,,,
0.027169,,,
0.026117,,,
0.033935,,,
0.031505,,,
0.03531,,,
0.038284,,,
0.026879,,,
0.03453,,,
0.022962,,,
0.029761,,,
0.036057,,,
0.026912,,,
0.030832,,,
0.026389,,,
0.031056,,,
0.018004,,,
0.030965,,,
0.030015,,,
0.022134,,,
0.035642,,,
0.024327,,,
0.036544,,,
0.035913,,,
0.026053,,,
0.023832,,,
0.024784,,,
0.032665,,,
0.031129,,,
0.024419,,,
0.027295,,,
0.030667,,,
0.035669,,,
0.024316,,,
0.035628,,,
0.034464,,,
0.019306,,,
0.040538,,,
0.031439,,,
0.030734,,,
0.041167,,,
0.037616,,,
0.027165,,,
0.025197,,,
0.027883,,,
0.026732,,,
0.029988,,,
0.028592,,,
0.035637,,,
0.030776,,,
0.02365,,,
0.03223,,,
0.031316,,,
0.030786,,,
0.031934,,,
0.024995,,,
0.023364,,,
0.023142,,,
0.028763,,,
0.025433,,,
0.035149,,,
0.036511,,,
0.023034,,,
0.020521,,,
0.025282,,,
0.026004,,,
0.026616,,,
0.030959,,,
0.029097,,,
0.032658,,,
0.032974,,,
0.033759,,,
0.031581,,,
0.02791,,,
0.024878,,,
0.033545,,,
0.02891,,,
0.041948,,,
0.040044,,,
0.033492,,,
0.037221,,,
0.029176,,,
0.032624,,,
0.030225,,,
0.032175,,,
0.027655,,,
0.032355,,,
0.024815,,,
0.018836,,,
0.026925,,,
0.032668,,,
0.040337,,,
0.03705,,,
0.02096,,,
0.021409,,,
0.032269,,,
0.034983,,,
0.03382,,,
0.038002,,,
0.03621,,,
0.022242,,,
0.028228,,,
0.025663,,,
0.026762,,,
0.031817,,,
0.036097,,,
0.035184,,,
0.024524,,,
0.024487,,,
0.025424,,,
0.030548,,,
0.033878,,,
0.028767,,,
0.020827,,,
0.022388,,,
0.034613,,,
0.032136,,,
0.038724,,,
0.037743,,,
0.032637,,,
0.031141,,,
0.022572,,,
0.028087,,,
0.026644,,,
0.032788,,,
0.031076,,,
0.030889,,,
0.033732,,,
0.023304,,,
0.027773,,,
0.029542,,,
0.033388,,,
0.033582,,,
0.026131,,,
0.029324,,,
0.029798,,,
0.032358,,,
0.019288,,,
0.018442,,,
0.030778,,,
0.028254,,,
0.033019,,,
0.034661,,,
0.033957,,,
0.031496,,,
0.027946,,,
0.030389,,,
0.031184,,,
0.035448,,,
0.031778,,,
0.024141,,,
0.021888,,,
0.027459,,,
0.034281,,,
0.033199,,,
0.036426,,,
0.03228,,,
0.031294,,,
0.0354,,,
0.029957,,,
0.027685,,,
0.027738,,,
0.033241,,,
0.032724,,,
0.025578,,,
0.026798,,,
0.03088,,,
0.032815,,,
0.028302,,,
0.023789,,,
0.028486,,,
0.030157,,,
0.039572,,,
0.036458,,,
0.038713,,,
0.04143,,,
0.020004,,,
0.020898,,,
0.027883,,,
0.028573,,,
0.026436,,,
0.042088,,,
0.036301,,,
0.011151,,,
0.023771,,,
0.03402,,,
0.028707,,,
0.032825,,,
0.027376,,,
0.039843,,,
0.036342,,,
0.016659,,,
0.032463,,,
0.039505,,,
0.027277,,,
0.018702,,,
0.026061,,,
0.029354,,,
0.030706,,,
0.030127,,,
0.035901,,,
0.041715,,,
0.025408,,,
0.024108,,,
0.027428,,,
0.03061,,,
0.03293,,,
0.024568,,,
0.028152,,,
0.033984,,,
0.032406,,,
0.028477,,,
0.02924,,,
0.027992,,,
0.02208,,,
0.025535,,,
0.028659,,,
0.031925,,,
0.03513,,,
0.042045,,,
0.035398,,,
0.027195,,,
0.035315,,,
0.024467,,,
0.027274,,,
0.028834,,,
0.021719,,,
0.029373,,,
0.027935,,,
0.022104,,,
0.027366,,,
0.034321,,,
0.028577,,,
0.028276,,,
0.033931,,,
0.032429,,,
0.033072,,,
0.030954,,,
0.035546,,,
0.032657,,,
0.024685,,,
0.036391,,,
0.030453,,,
0.029314,,,
0.033486,,,
0.025251,,,
0.033385,,,
0.033583,,,
0.031656,,,
0.027877,,,
0.033181,,,
0.039197,,,
0.02833,,,
0.033908,,,
0.027833,,,
0.025832,,,
0.030373,,,
0.033032,,,
0.031893,,,
0.030539,,,
0.03204,,,
0.01574,,,
0.02641,,,
0.019074,,,
0.01485,,,
0.024949,,,
0.023384,,,
0.031423,,,
0.017847,,,
0.044848,,,
0.044328,,,
0.027973,,,
0.034982,,,
0.018163,,,
0.019845,,,
0.028334,,,
0.02838,,,
0.031123,,,
0.039157,,,
0.028346,,,
0.025612,,,
0.052571,,,
0.042859,,,
0.021234,,,
0.031423,,,
0.029819,,,
0.02406,,,
0.029291,,,
0.043627,,,
0.042088,,,
0.028012,,,
0.040491,,,
0.036985,,,
0.025594,,,
0.018503,,,
0.027068,,,
0.034449,,,
0.021155,,,
0.028694,,,
0.036515,,,
0.034084,,,
0.018548,,,
0.020601,,,
0.031694,,,
0.02694,,,
0.027136,,,
0.029815,,,
0.037876,,,
0.038105,,,
0.024193,,,
0.024629,,,
0.027205,,,
0.03439,,,
0.035916,,,
0.039867,,,
0.029885,,,
0.018506,,,
0.018778,,,
0.020503,,,
0.030815,,,
0.03008,,,
0.035921,,,
0.032497,,,
0.033964,,,
0.034256,,,
0.028605,,,
0.046684,,,
0.03341,,,
0.020679,,,
0.03074,,,
0.02827,,,
0.027487,,,
0.028743,,,
0.024521,,,
0.02541,,,
0.026871,,,
0.029928,,,
0.035986,,,
0.037995,,,
0.03345,,,
0.026188,,,
0.025616,,,
0.031387,,,
0.033519,,,
0.035368,,,
0.047469,,,
0.035836,,,
0.031612,,,
0.033422,,,
0.022516,,,
0.023506,,,
0.025844,,,
0.019316,,,
0.020272,,,
0.01802,,,
0.015301,,,
0.024756,,,
0.034519,,,
0.025729,,,
0.023049,,,
0.033408,,,
0.028969,,,
0.031792,,,
0.021372,,,
0.031364,,,
0.035371,,,
0.026286,,,
0.033863,,,
0.026011,,,
0.028455,,,
0.035696,,,
0.036277,,,
0.039712,,,
0.032714,,,
0.039397,,,
0.037454,,,
0.032761,,,
0.036614,,,
0.028516,,,
0.031065,,,
0.02721,,,
0.032546,,,
0.033943,,,
0.031502,,,
0.031627,,,
0.023285,,,
0.025939,,,
0.024802,,,
0.031736,,,
0.031527,,,
0.030696,,,
0.024605,,,
0.017084,,,
0.026755,,,
0.033662,,,
0.034385,,,
0.027629,,,
0.024999,,,
0.024284,,,
0.037484,,,
0.039194,,,
0.023726,,,
0.036802,,,
0.045934,,,
0.028205,,,
0.030277,,,
0.034915,,,
0.030165,,,
0.025754,,,
0.016592,,,
0.023282,,,
0.026862,,,
0.031774,,,
0.041642,,,
0.041097,,,
0.033962,,,
0.022284,,,
0.020842,,,
0.022381,,,
0.033694,,,
0.03253,,,
0.038555,,,
0.037815,,,
0.031685,,,
0.033391,,,
0.026213,,,
0.040341,,,
0.030602,,,
0.02925,,,
0.051933,,,
0.033002,,,
0.023617,,,
0.024876,,,
0.025257,,,
0.028778,,,
0.02819,,,
0.029363,,,
0.020571,,,
0.021576,,,
0.01654,,,
0.020541,,,
0.032641,,,
0.028376,,,
0.025599,,,
0.029552,,,
0.035226,,,
0.031873,,,
0.036073,,,
0.032431,,,
0.02294,,,
0.037139,,,
0.034737,,,
0.040372,,,
0.029668,,,
0.020441,,,
0.040052,,,
0.027963,,,
0.026697,,,
0.030003,,,
0.040559,,,
0.037877,,,
0.020607,,,
0.022482,,,
0.015231,,,
0.022944,,,
0.03069,,,
0.03658,,,
0.034977,,,
0.025533,,,
0.041553,,,
0.038371,,,
0.031446,,,
0.023362,,,
0.032353,,,
0.036789,,,
0.028441,,,
0.032939,,,
0.031011,,,
0.039205,,,
0.025563,,,
0.018516,,,
0.024299,,,
0.026426,,,
0.036566,,,
0.044193,,,
0.036319,,,
0.032326,,,
0.0368,,,
0.029357,,,
0.01689,,,
0.03789,,,
0.035337,,,
0.023537,,,
0.032278,,,
0.023006,,,
0.027901,,,
0.026724,,,
0.026307,,,
0.023723,,,
0.027593,,,
0.03146,,,
0.019672,,,
0.033934,,,
0.034269,,,
0.031363,,,
0.028924,,,
0.017996,,,
0.02268,,,
0.024356,,,
0.032848,,,
0.035656,,,
0.031689,,,
0.024179,,,
0.018188,,,
0.026282,,,
0.030181,,,
0.030352,,,
0.033041,,,
0.026363,,,
0.028304,,,
0.03484,,,
0.04217,,,
0.033502,,,
0.026165,,,
0.02931,,,
0.030725,,,
0.025514,,,
0.024984,,,
0.038105,,,
0.035245,,,
0.027261,,,
0.026077,,,
0.030268,,,
0.029393,,,
0.028847,,,
0.043817,,,
0.038323,,,
0.019495,,,
0.027564,,,
0.036078,,,
0.032429,,,
0.02202,,,
0.03477,,,
0.034832,,,
0.026517,,,
0.032843,,,
0.023685,,,
0.029452,,,
0.030664,,,
0.03567,,,
0.037209,,,
0.02734,,,
0.027885,,,
0.023968,,,
0.024725,,,
0.036373,,,
0.02954,,,
0.026942,,,
0.030819,,,
0.025473,,,
0.025001,,,
0.036255,,,
0.034195,,,
0.037841,,,
0.040883,,,
0.011029,,,
0.021061,,,
0.025971,,,
0.01742,,,
0.028453,,,
0.025566,,,
0.025882,,,
0.03772,,,
0.044619,,,
0.037057,,,
0.031089,,,
0.029963,,,
0.032287,,,
0.035896,,,
0.030665,,,
0.034749,,,
0.035762,,,
0.027039,,,
0.037224,,,
0.03378,,,
0.026967,,,
0.027124,,,
0.030741,,,
0.036559,,,
0.02025,,,
0.026319,,,
0.027402,,,
0.02878,,,
0.03832,,,
0.027784,,,
0.024011,,,
0.021944,,,
0.029277,,,
0.029818,,,
0.037875,,,
0.036264,,,
0.020377,,,
0.026265,,,
0.029267,,,
0.036269,,,
0.031426,,,
0.027976,,,
0.014719,,,
0.013033,,,
0.029412,,,
0.025155,,,
0.035268,,,
0.03646,,,
0.028581,,,
0.032879,,,
0.031958,,,
0.033274,,,
0.031789,,,
0.038872,,,
0.043205,,,
0.028454,,,
0.044906,,,
0.049828,,,
0.035746,,,
0.03165,,,
0.040774,,,
0.031338,,,
0.009594,,,
0.022597,,,
0.025313,,,
0.028754,,,
0.024516,,,
0.032779,,,
0.024633,,,
0.017073,,,
0.020313,,,
0.011556,,,
0.027282,,,
0.028831,,,
0.024483,,,
0.026347,,,
0.031995,,,
0.030495,,,
0.029296,,,
0.041783,,,
0.03551,,,
0.026226,,,
0.030205,,,
0.027578,,,
0.03423,,,
0.033221,,,
0.026286,,,
0.032942,,,
0.028247,,,
0.034864,,,
0.025581,,,
0.032323,,,
0.036802,,,
0.020146,,,
0.03281,,,
0.028304,,,
0.032077,,,
0.034144,,,
0.033258,,,
0.031796,,,
0.021371,,,
0.030444,,,
0.033002,,,
0.039273,,,
0.038428,,,
0.023133,,,
0.035214,,,
0.028195,,,
0.022914,,,
0.02794,,,
0.030391,,,
0.030262,,,
0.02387,,,
0.033056,,,
0.038329,,,
0.031464,,,
0.025197,,,
0.039856,,,
0.034494,,,
0.022977,,,
0.018703,,,
0.023298,,,
0.036985,,,
0.030198,,,
0.031265,,,
0.031729,,,
0.027846,,,
0.026747,,,
0.026297,,,
0.034779,,,
0.037591,,,
0.029939,,,
0.02585,,,
0.026682,,,
0.034614,,,
0.035819,,,
0.058328,,,
0.043156,,,
0.015581,,,
0.027399,,,
0.032465,,,
0.033057,,,
0.025435,,,
0.024097,,,
0.026512,,,
0.026398,,,
0.034736,,,
0.033004,,,
0.033746,,,
0.033429,,,
0.024355,,,
0.029165,,,
0.013288,,,
0.031144,,,
0.034544,,,
0.02664,,,
0.027264,,,
0.026076,,,
0.033032,,,
0.025446,,,
0.027776,,,
0.035987,,,
0.030626,,,
0.024635,,,
0.029966,,,
0.029523,,,
0.020503,,,
0.023448,,,
0.030474,,,
0.023779,,,
0.029411,,,
0.026998,,,
0.025269,,,
0.028773,,,
0.038323,,,
0.036993,,,
0.022827,,,
0.03074,,,
0.029191,,,
0.035381,,,
0.036412,,,
0.024918,,,
0.028923,,,
0.026286,,,
0.019127,,,
0.024958,,,
0.040879,,,
0.040503,,,
0.037901,,,
0.030727,,,
0.014461,,,
0.026037,,,
0.040416,,,
0.037017,,,
0.033869,,,
0.026929,,,
0.02714,,,
0.028892,,,
0.029983,,,
0.027673,,,
0.029584,,,
0.029686,,,
0.02688,,,
0.032687,,,
0.028356,,,
0.030212,,,
0.030338,,,
0.027521,,,
0.032412,,,
0.028474,,,
0.029241,,,
0.027991,,,
0.03129,,,
0.028955,,,
0.027193,,,
0.030711,,,
0.027361,,,
0.03156,,,
0.029761,,,
0.038821,,,
0.041385,,,
0.027392,,,
0.029705,,,
0.026872,,,
0.032691,,,
0.03296,,,
0.024556,,,
0.024474,,,
0.021746,,,
0.032125,,,
0.024914,,,
0.023399,,,
0.036021,,,
0.027849,,,
0.023062,,,
0.03156,,,
0.041733,,,
0.035531,,,
0.023454,,,
0.038761,,,
0.035885,,,
0.031591,,,
0.033431,,,
0.022512,,,
0.032717,,,
0.02466,,,
0.01614,,,
0.038211,,,
0.037041,,,
0.027412,,,
0.026933,,,
0.028059,,,
0.038629,,,
0.034099,,,
0.025909,,,
0.035866,,,
0.034362,,,
0.023955,,,
0.024731,,,
0.02624,,,
0.028356,,,
0.029291,,,
0.04731,,,
0.04143,,,
0.020926,,,
0.025108,,,
0.030684,,,
0.039346,,,
0.039318,,,
0.035646,,,
0.02893,,,
0.025362,,,
0.033338,,,
0.026236,,,
0.031121,,,
0.033632,,,
0.03624,,,
0.031439,,,
0.023366,,,
0.038798,,,
0.030342,,,
0.029361,,,
0.032545,,,
0.022891,,,
0.022424,,,
0.022624,,,
0.025301,,,
0.032443,,,
0.031224,,,
0.029904,,,
0.018497,,,
0.020623,,,
0.02708,,,
0.029839,,,
0.03234,,,
0.035873,,,
0.037122,,,
0.02093,,,
0.014055,,,
0.022527,,,
0.036395,,,
0.021242,,,
0.014842,,,
0.030479,,,
0.021014,,,
0.027833,,,
0.037805,,,
0.043662,,,
0.040231,,,
0.018677,,,
0.025151,,,
0.024218,,,
0.030144,,,
0.029446,,,
0.033429,,,
0.037248,,,
0.019034,,,
0.020393,,,
0.029942,,,
0.035059,,,
0.031024,,,
0.038279,,,
0.036091,,,
0.025977,,,
0.032153,,,
0.029506,,,
0.034325,,,
0.037786,,,
0.03446,,,
0.036807,,,
0.026591,,,
0.027285,,,
0.026067,,,
0.030273,,,
0.03768,,,
0.033585,,,
0.039024,,,
0.031167,,,
0.028087,,,
0.029407,,,
0.023315,,,
0.026847,,,
0.032701,,,
0.035718,,,
0.032583,,,
0.033006,,,
0.030062,,,
0.026719,,,
0.038282,,,
0.034247,,,
0.028609,,,
0.027341,,,
0.034332,,,
0.034099,,,
0.024068,,,
0.032972,,,
0.029156,,,
0.028949,,,
0.023512,,,
0.030447,,,
0.033,,,
0.020854,,,
0.027902,,,
0.026723,,,
0.022623,,,
0.027144,,,
0.041784,,,
0.042878,,,
0.021226,,,
0.023138,,,
0.034291,,,
0.033195,,,
0.035507,,,
0.042805,,,
0.035993,,,
0.021414,,,
0.018452,,,
0.019721,,,
0.032992,,,
0.035594,,,
0.0354,,,
0.033641,,,
0.016896,,,
0.02223,,,
0.023628,,,
0.031318,,,
0.039074,,,
0.024698,,,
0.026254,,,
0.027429,,,
0.034294,,,
0.030431,,,
0.04498,,,
0.039666,,,
0.021682,,,
0.033073,,,
0.030033,,,
0.031336,,,
0.030778,,,
0.031017,,,
0.029993,,,
0.024906,,,
0.027086,,,
0.021547,,,
0.027605,,,
0.028693,,,
0.030989,,,
0.045662,,,
0.039374,,,
0.031017,,,
0.026309,,,
0.028327,,,
0.028383,,,
0.032043,,,
0.023107,,,
0.019569,,,
0.026611,,,
0.023593,,,
0.035017,,,
0.030121,,,
0.032219,,,
0.036846,,,
0.034863,,,
0.036634,,,
0.026665,,,
0.028174,,,
0.043184,,,
0.036751,,,
0.03122,,,
0.031748,,,
0.036127,,,
0.037934,,,
0.022424,,,
0.024466,,,
0.019907,,,
0.023703,,,
0.021155,,,
0.033299,,,
0.03362,,,
0.024273,,,
0.031963,,,
0.02222,,,
0.024554,,,
0.035526,,,
0.04648,,,
0.037181,,,
0.019984,,,
0.031959,,,
0.036036,,,
0.030605,,,
0.022802,,,
0.018778,,,
0.029713,,,
0.025026,,,
0.026114,,,
0.028411,,,
0.036636,,,
0.035874,,,
0.02607,,,
0.031192,,,
0.03176,,,
0.036122,,,
0.03241,,,
0.024791,,,
0.027136,,,
0.027973,,,
0.030377,,,
0.031189,,,
0.038209,,,
0.033358,,,
0.023464,,,
0.027704,,,
0.027729,,,
0.031402,,,
0.034433,,,
0.03866,,,
0.039612,,,
0.02631,,,
0.026485,,,
0.028252,,,
0.030257,,,
0.027556,,,
0.037924,,,
0.034401,,,
0.024859,,,
0.03079,,,
0.028248,,,
0.034864,,,
0.021898,,,
0.027454,,,
0.034283,,,
0.023989,,,
0.030242,,,
0.027562,,,
0.033316,,,
0.033613,,,
0.015066,,,
0.023936,,,
0.031186,,,
0.027158,,,
0.031647,,,
0.038012,,,
0.028837,,,
0.022639,,,
0.033584,,,
0.028893,,,
0.022615,,,
0.019779,,,
0.032967,,,
0.035604,,,
0.031711,,,
0.030617,,,
0.028323,,,
0.034832,,,
0.031121,,,
0.036395,,,
0.041503,,,
0.030104,,,
0.029463,,,
0.032501,,,
0.029357,,,
0.029784,,,
0.013023,,,
0.017443,,,
0.018312,,,
0.023466,,,
0.028625,,,
0.041149,,,
0.04407,,,
0.024399,,,
0.035593,,,
0.030795,,,
0.029167,,,
0.031707,,,
0.035223,,,
0.038321,,,
0.028705,,,
0.030063,,,
0.02856,,,
0.033809,,,
0.039849,,,
0.032655,,,
0.033896,,,
0.026917,,,
0.03175,,,
0.029679,,,
0.030567,,,
0.021897,,,
0.017324,,,
0.033099,,,
0.027259,,,
0.030683,,,
0.0329,,,
0.036554,,,
0.040514,,,
0.028686,,,
0.02915,,,
0.033556,,,
0.032589,,,
0.030241,,,
0.030326,,,
0.028447,,,
0.027411,,,
0.029697,,,
0.024112,,,
0.032953,,,
0.031927,,,
0.01671,,,
0.02231,,,
0.031883,,,
0.029622,,,
0.02967,,,
0.038859,,,
0.034,,,
0.021347,,,
0.031375,,,
0.027077,,,
0.025235,,,
0.029708,,,
0.035159,,,
0.032823,,,
0.019088,,,
0.025896,,,
0.029425,,,
0.034359,,,
0.028561,,,
0.030125,,,
0.039585,,,
0.028163,,,
0.025691,,,
0.030434,,,
0.02748,,,
0.03243,,,
0.044123,,,
0.034507,,,
0.022051,,,
0.025547,,,
0.024049,,,
0.030217,,,
0.029415,,,
0.02147,,,
0.036848,,,
0.033941,,,
0.027819,,,
0.031364,,,
0.034449,,,
0.032206,,,
0.020274,,,
0.035518,,,
0.035432,,,
0.029022,,,
0.029927,,,
0.044275,,,
0.039047,,,
0.018263,,,
0.031775,,,
0.033352,,,
0.025309,,,
0.016783,,,
0.029647,,,
0.037028,,,
0.023733,,,
0.018379,,,
0.022516,,,
0.029953,,,
0.022161,,,
0.017211,,,
0.032226,,,
0.026712,,,
0.02447,,,
0.025431,,,
0.032387,,,
0.034011,,,
0.025947,,,
0.042297,,,
0.034369,,,
0.036846,,,
0.039468,,,
0.03466,,,
0.039484,,,
0.030049,,,
0.029487,,,
0.027886,,,
0.03594,,,
0.03433,,,
0.020284,,,
0.014331,,,
0.028855,,,
0.04105,,,
0.028456,,,
0.043985,,,
0.039171,,,
0.026498,,,
0.029167,,,
0.036312,,,
0.036934,,,
0.021011,,,
0.036124,,,
0.027805,,,
0.017555,,,
0.034842,,,
0.028354,,,
0.022846,,,
0.027048,,,
0.032615,,,
0.032071,,,
0.015727,,,
0.027337,,,
0.027887,,,
0.023046,,,
0.03433,,,
0.036862,,,
0.03854,,,
0.028611,,,
0.028261,,,
0.02749,,,
0.03611,,,
0.039784,,,
0.02992,,,
0.025858,,,
0.027599,,,
0.032379,,,
0.029409,,,
0.03805,,,
0.031584,,,
0.022382,,,
0.029089,,,
0.023452,,,
0.029552,,,
0.026937,,,
0.021611,,,
0.034946,,,
0.029231,,,
0.03168,,,
0.032472,,,
0.035817,,,
0.035304,,,
0.021709,,,
0.017405,,,
0.021091,,,
0.039773,,,
0.036371,,,
0.027698,,,
0.034179,,,
0.03048,,,
0.028381,,,
0.029281,,,
0.030737,,,
0.026429,,,
0.023671,,,
0.034984,,,
0.030135,,,
0.043265,,,
0.045006,,,
0.031366,,,
0.028923,,,
0.02076,,,
0.029784,,,
0.029601,,,
0.031521,,,
0.030698,,,
0.03013,,,
0.034057,,,
0.021322,,,
0.032306,,,
0.032204,,,
0.032247,,,
0.037755,,,
0.033553,,,
0.033512,,,
0.02524,,,
0.025101,,,
0.016872,,,
0.025925,,,
0.033097,,,
0.023576,,,
0.028577,,,
0.020908,,,
0.027879,,,
0.032259,,,
0.035908,,,
0.046317,,,
0.03633,,,
0.030479,,,
0.036671,,,
0.039543,,,
0.037391,,,
0.030024,,,
0.023972,,,
0.023803,,,
0.029401,,,
0.030686,,,
0.03474,,,
0.033002,,,
0.019932,,,
0.03106,,,
0.029054,,,
0.022546,,,
0.021651,,,
0.034007,,,
0.034238,,,
0.023087,,,
0.025103,,,
0.024239,,,
0.031977,,,
0.030503,,,
0.044028,,,
0.040074,,,
0.014139,,,
0.025254,,,
0.026937,,,
0.028058,,,
0.036787,,,
0.038572,,,
0.032281,,,
0.023926,,,
0.029349,,,
0.027024,,,
0.029862,,,
0.033251,,,
0.033641,,,
0.031632,,,
0.022362,,,
0.026335,,,
0.031079,,,
0.033651,,,
0.032549,,,
0.038547,,,
0.03045,,,
0.020105,,,
0.028223,,,
0.024744,,,
0.03084,,,
0.03099,,,
0.0254,,,
0.029638,,,
0.033347,,,
0.027153,,,
0.029807,,,
0.037879,,,
0.030736,,,
0.023667,,,
0.027618,,,
0.027766,,,
0.02586,,,
0.026677,,,
0.033695,,,
0.026083,,,
0.010004,,,
0.026105,,,
0.035782,,,
0.029793,,,
0.028676,,,
0.039285,,,
0.037502,,,
0.025372,,,
0.036097,,,
0.034263,,,
0.029523,,,
0.037081,,,
0.041209,,,
0.033914,,,
0.02691,,,
0.02807,,,
0.026652,,,
0.031864,,,
0.02963,,,
0.016773,,,
0.032414,,,
0.033079,,,
0.024505,,,
0.030942,,,
0.032788,,,
0.030155,,,
0.022074,,,
0.022774,,,
0.023395,,,
0.026813,,,
0.02719,,,
0.046369,,,
0.041834,,,
0.022595,,,
0.028998,,,
0.029017,,,
0.022562,,,
0.025328,,,
0.038878,,,
0.037676,,,
0.021613,,,
0.026656,,,
0.030942,,,
0.033709,,,
0.039891,,,
0.041847,,,
0.041009,,,
0.027553,,,
0.022268,,,
0.024533,,,
0.026325,,,
0.027399,,,
0.036149,,,
0.03332,,,
0.029006,,,
0.037302,,,
0.030984,,,
0.038296,,,
0.037925,,,
0.032558,,,
0.046831,,,
0.033347,,,
0.013338,,,
0.01915,,,
0.044289,,,
0.034436,,,
0.02116,,,
0.028692,,,
0.024543,,,
0.029084,,,
0.023454,,,
0.026788,,,
0.023517,,,
0.020314,,,
0.024449,,,
0.024519,,,
0.033699,,,
0.028844,,,
0.027241,,,
0.032533,,,
0.035791,,,
0.036236,,,
0.029599,,,
0.030601,,,
0.02925,,,
0.031671,,,
0.029713,,,
0.022263,,,
0.034666,,,
0.030271,,,
0.041365,,,
0.029243,,,
0.014176,,,
0.034448,,,
0.028523,,,
0.028299,,,
0.031158,,,
0.029933,,,
0.019406,,,
0.022076,,,
0.043035,,,
0.034052,,,
0.031455,,,
0.037173,,,
0.027355,,,
0.0288,,,
0.030023,,,
0.03042,,,
0.033012,,,
0.033743,,,
0.032509,,,
0.023828,,,
0.026627,,,
0.023586,,,
0.028573,,,
0.029199,,,
0.035377,,,
0.03365,,,
0.013208,,,
0.027495,,,
0.034266,,,
0.030443,,,
0.029318,,,
0.033484,,,
0.030778,,,
0.028254,,,
0.021047,,,
0.014926,,,
0.02768,,,
0.025898,,,
0.035871,,,
0.038044,,,
0.026982,,,
0.02896,,,
0.022586,,,
0.039132,,,
0.042172,,,
0.033501,,,
0.02985,,,
0.033257,,,
0.043769,,,
0.029133,,,
0.02988,,,
0.02956,,,
0.02325,,,
0.026875,,,
0.029005,,,
0.027171,,,
0.015985,,,
0.028147,,,
0.02846,,,
0.017274,,,
0.021147,,,
0.023171,,,
0.031514,,,
0.030701,,,
0.039338,,,
0.039321,,,
0.029197,,,
0.035378,,,
0.030887,,,
0.029128,,,
0.02804,,,
0.029427,,,
0.038043,,,
0.026061,,,
0.022907,,,
0.028864,,,
0.027232,,,
0.029773,,,
0.039736,,,
0.040992,,,
0.02756,,,
0.030554,,,
0.030192,,,
0.030347,,,
0.038569,,,
0.029519,,,
0.029714,,,
0.030552,,,
0.034797,,,
0.032057,,,
0.034152,,,
0.039701,,,
0.028113,,,
0.029396,,,
0.038977,,,
0.036713,,,
0.030315,,,
0.036741,,,
0.032145,,,
0.023984,,,
0.030245,,,
0.030324,,,
0.033974,,,
0.030568,,,
0.035712,,,
0.033507,,,
0.012348,,,
0.017733,,,
0.024635,,,
0.029045,,,
0.028076,,,
0.031254,,,
0.019761,,,
0.016398,,,
0.026128,,,
0.022879,,,
0.039007,,,
0.033937,,,
0.048083,,,
0.045704,,,
0.028304,,,
0.03484,,,
0.020987,,,
0.028766,,,
0.031879,,,
0.027782,,,
0.024012,,,
0.02747,,,
0.023225,,,
0.025965,,,
0.04321,,,
0.033977,,,
0.025041,,,
0.026108,,,
0.022887,,,
0.028872,,,
0.031833,,,
0.032406,,,
0.024793,,,
0.018846,,,
0.034288,,,
0.029512,,,
0.02327,,,
0.027787,,,
0.037824,,,
0.039049,,,
0.027472,,,
0.031513,,,
0.027018,,,
0.02526,,,
0.039828,,,
0.040032,,,
0.037182,,,
0.029193,,,
0.030775,,,
0.033781,,,
0.02973,,,
0.027782,,,
0.045195,,,
0.036811,,,
0.026589,,,
0.033733,,,
0.018698,,,
0.026063,,,
0.02567,,,
0.020312,,,
0.034581,,,
0.033992,,,
0.028718,,,
0.028215,,,
0.034878,,,
0.03847,,,
0.02772,,,
0.024959,,,
0.025222,,,
0.02603,,,
0.019237,,,
0.0332,,,
0.04103,,,
0.022018,,,
0.031087,,,
0.029042,,,
0.02163,,,
0.031253,,,
0.044628,,,
0.04258,,,
0.028722,,,
0.03374,,,
0.027905,,,
0.026722,,,
0.022624,,,
0.035432,,,
0.032706,,,
0.020981,,,
0.031532,,,
0.021484,,,
0.038684,,,
0.040522,,,
0.031446,,,
0.033494,,,
0.01788,,,
0.025493,,,
0.028677,,,
0.029154,,,
0.032634,,,
0.024696,,,
0.029019,,,
0.022561,,,
0.029933,,,
0.0323,,,
0.041416,,,
0.037509,,,
0.02629,,,
0.031098,,,
0.017986,,,
0.026368,,,
0.028302,,,
0.037604,,,
0.03638,,,
0.02309,,,
0.031549,,,
0.029765,,,
0.015794,,,
0.022703,,,
0.041845,,,
0.033641,,,
0.023343,,,
0.019468,,,
0.031259,,,
0.043704,,,
0.031003,,,
0.041051,,,
0.039508,,,
0.023592,,,
0.024887,,,
0.023411,,,
0.032332,,,
0.032193,,,
0.033173,,,
0.031832,,,
0.024118,,,
0.027424,,,
0.02877,,,
0.03464,,,
0.020152,,,
0.015309,,,
0.024752,,,
0.027152,,,
0.033492,,,
0.027091,,,
0.030755,,,
0.035632,,,
0.019727,,,
0.017333,,,
0.026648,,,
0.032787,,,
0.020946,,,
0.016811,,,
0.024109,,,
0.021902,,,
0.028374,,,
0.031126,,,
0.037314,,,
0.030978,,,
0.03001,,,
0.037793,,,
0.032615,,,
0.027466,,,
0.024147,,,
0.032016,,,
0.017592,,,
0.031142,,,
0.040992,,,
0.026639,,,
0.036474,,,
0.035022,,,
0.028277,,,
0.029326,,,
0.043612,,,
0.037489,,,
0.029982,,,
0.034121,,,
0.029584,,,
0.035212,,,
0.035563,,,
0.02344,,,
0.028636,,,
0.022725,,,
0.023416,,,
0.028646,,,
0.036535,,,
0.036838,,,
0.032104,,,
0.039659,,,
0.021685,,,
0.032151,,,
0.042401,,,
0.03985,,,
0.037259,,,
0.025476,,,
0.035131,,,
0.031914,,,
0.028688,,,
0.03007,,,
0.036846,,,
0.035784,,,
0.022424,,,
0.029071,,,
0.027143,,,
0.025206,,,
0.02972,,,
0.038838,,,
0.037693,,,
0.027132,,,
0.041789,,,
0.033666,,,
0.024253,,,
0.031971,,,
0.032347,,,
0.033107,,,
0.03094,,,
0.030026,,,
0.024892,,,
0.020646,,,
0.031675,,,
0.037079,,,
0.026474,,,
0.030098,,,
0.032229,,,
0.02579,,,
0.025787,,,
0.02763,,,
0.024077,,,
0.0256,,,
0.017579,,,
0.020096,,,
0.028227,,,
0.043162,,,
0.036761,,,
0.020163,,,
0.026356,,,
0.025544,,,
0.027734,,,
0.023111,,,
0.035223,,,
0.033716,,,
0.031599,,,
0.031586,,,
0.025145,,,
0.029747,,,
0.021328,,,
0.031383,,,
0.032599,,,
0.029315,,,
0.039012,,,
0.027488,,,
0.020454,,,
0.026231,,,
0.036649,,,
0.023896,,,
0.017389,,,
0.028466,,,
0.027403,,,
0.034305,,,
0.023979,,,
0.036694,,,
0.046901,,,
0.029633,,,
0.030586,,,
0.029257,,,
0.033511,,,
0.03445,,,
0.033127,,,
0.034615,,,
0.032135,,,
0.031356,,,
0.036295,,,
0.034178,,,
0.028639,,,
0.042986,,,
0.0396,,,
0.022631,,,
0.035429,,,
0.030865,,,
0.025453,,,
0.029615,,,
0.023226,,,
0.03149,,,
0.02887,,,
0.025388,,,
0.024117,,,
0.024662,,,
0.022586,,,
0.027159,,,
0.0252,,,
0.021435,,,
0.027653,,,
0.02683,,,
0.036393,,,
0.029531,,,
0.033393,,,
0.036343,,,
0.034158,,,
0.038778,,,
0.022983,,,
0.038041,,,
